# id|reference|correct answer;three distractors|en|ml|de|fr|it|es|fil
adam-first|Genesis 2:7|Adam;Noah;Abraham;Moses|Who did God form from the dust of the ground?|ദൈവം നിലത്തിലെ പൊടിയിൽനിന്ന് ആരെ ഉണ്ടാക്കി?|Wen formte Gott aus dem Staub der Erde?|Qui Dieu a-t-il formé de la poussière du sol ?|Chi formò Dio dalla polvere della terra?|¿A quién formó Dios del polvo de la tierra?|Sino ang hinubog ng Diyos mula sa alabok ng lupa?
eve-name|Genesis 3:20|Eve;Sarah;Rebekah;Rachel|What name did Adam give his wife?|ആദാം തന്റെ ഭാര്യയ്ക്ക് എന്തു പേരിട്ടു?|Welchen Namen gab Adam seiner Frau?|Quel nom Adam a-t-il donné à sa femme ?|Quale nome diede Adamo a sua moglie?|¿Qué nombre dio Adán a su esposa?|Anong pangalan ang ibinigay ni Adan sa kanyang asawa?
cain-brother|Genesis 4:8|Abel;Seth;Enoch;Isaac|Which brother did Cain kill?|കയീൻ ഏതു സഹോദരനെയാണ് കൊന്നത്?|Welchen Bruder tötete Kain?|Quel frère Caïn a-t-il tué ?|Quale fratello uccise Caino?|¿A qué hermano mató Caín?|Sinong kapatid ang pinatay ni Cain?
seth-birth|Genesis 4:25|Seth;Noah;Jacob;Joseph|Which son did Eve name after Abel's death?|ഹാബെലിന്റെ മരണശേഷം ഹവ്വാ തന്റെ മകന് എന്തു പേരിട്ടു?|Wie nannte Eva ihren Sohn nach Abels Tod?|Comment Ève a-t-elle nommé son fils après la mort d’Abel ?|Come chiamò Eva suo figlio dopo la morte di Abele?|¿Cómo llamó Eva a su hijo después de la muerte de Abel?|Ano ang ipinangalan ni Eva sa kanyang anak matapos mamatay si Abel?
enoch-son|Genesis 5:21|Methuselah;Lamech;Noah;Terah|Who was Enoch's son named in Genesis 5:21?|ഉല്പത്തി 5:21-ൽ പറയുന്ന ഹാനോക്കിന്റെ മകൻ ആര്?|Welcher Sohn Henochs wird in 1. Mose 5,21 genannt?|Quel fils d’Hénoc est nommé en Genèse 5:21 ?|Quale figlio di Enoc è nominato in Genesi 5:21?|¿Qué hijo de Enoc se menciona en Génesis 5:21?|Sinong anak ni Enoc ang binanggit sa Genesis 5:21?
noah-father|Genesis 5:28-29|Lamech;Terah;Isaac;Aaron|Who was Noah's father?|നോഹയുടെ പിതാവ് ആര്?|Wer war Noahs Vater?|Qui était le père de Noé ?|Chi era il padre di Noè?|¿Quién fue el padre de Noé?|Sino ang ama ni Noe?
noah-sons|Genesis 6:10|3;2;7;12|How many sons of Noah are named in Genesis 6:10?|ഉല്പത്തി 6:10-ൽ നോഹയുടെ എത്ര പുത്രന്മാരെ പറയുന്നു?|Wie viele Söhne Noahs nennt 1. Mose 6,10?|Combien de fils de Noé sont nommés en Genèse 6:10 ?|Quanti figli di Noè sono nominati in Genesi 6:10?|¿Cuántos hijos de Noé se nombran en Génesis 6:10?|Ilang anak na lalaki ni Noe ang pinangalanan sa Genesis 6:10?
flood-rain-days|Genesis 7:12|40;7;12;30|For how many days and nights did rain fall during the flood?|പ്രളയത്തിൽ എത്ര രാവും പകലും മഴ പെയ്തു?|Wie viele Tage und Nächte regnete es während der Flut?|Pendant combien de jours et de nuits la pluie est-elle tombée lors du déluge ?|Per quanti giorni e notti piovve durante il diluvio?|¿Durante cuántos días y noches llovió en el diluvio?|Ilang araw at gabi umulan noong baha?
noah-raven|Genesis 8:7|Raven;Dove;Eagle;Sparrow|Which bird did Noah send out before sending a dove?|പ്രാവിനെ അയയ്ക്കുന്നതിനുമുമ്പ് നോഹ ഏതു പക്ഷിയെ അയച്ചു?|Welchen Vogel sandte Noah vor der Taube aus?|Quel oiseau Noé a-t-il envoyé avant la colombe ?|Quale uccello mandò Noè prima della colomba?|¿Qué ave envió Noé antes de la paloma?|Anong ibon ang pinakawalan ni Noe bago ang kalapati?
noah-dove|Genesis 8:11|Olive leaf;Fig leaf;Palm branch;Grape vine|What did the dove bring back to Noah in its beak?|പ്രാവ് കൊക്കിൽ എന്താണ് നോഹയുടെ അടുക്കൽ കൊണ്ടുവന്നത്?|Was brachte die Taube Noah in ihrem Schnabel zurück?|Qu’a rapporté la colombe à Noé dans son bec ?|Che cosa riportò la colomba a Noè nel becco?|¿Qué trajo la paloma a Noé en el pico?|Ano ang dala ng kalapati sa tuka nang bumalik kay Noe?
abraham-father|Genesis 11:31|Terah;Lamech;Jacob;Isaac|Who was Abram's father?|അബ്രാമിന്റെ പിതാവ് ആര്?|Wer war Abrams Vater?|Qui était le père d’Abram ?|Chi era il padre di Abramo?|¿Quién fue el padre de Abram?|Sino ang ama ni Abram?
sarai-name|Genesis 17:15|Sarah;Rebekah;Rachel;Leah|What new name did God give Sarai?|ദൈവം സാറായിക്ക് നൽകിയ പുതിയ പേര് എന്ത്?|Welchen neuen Namen gab Gott Sarai?|Quel nouveau nom Dieu a-t-il donné à Saraï ?|Quale nuovo nome diede Dio a Sarai?|¿Qué nuevo nombre dio Dios a Sarai?|Anong bagong pangalan ang ibinigay ng Diyos kay Sarai?
isaac-wife|Genesis 24:67|Rebekah;Sarah;Rachel;Leah|Who became Isaac's wife?|യിസ്ഹാക്കിന്റെ ഭാര്യയായത് ആര്?|Wer wurde Isaaks Frau?|Qui est devenue la femme d’Isaac ?|Chi divenne la moglie di Isacco?|¿Quién fue la esposa de Isaac?|Sino ang naging asawa ni Isaac?
jacob-twin|Genesis 25:25-26|Esau;Joseph;Benjamin;Aaron|Who was Jacob's twin brother?|യാക്കോബിന്റെ ഇരട്ടസഹോദരൻ ആര്?|Wer war Jakobs Zwillingsbruder?|Qui était le frère jumeau de Jacob ?|Chi era il fratello gemello di Giacobbe?|¿Quién fue el hermano gemelo de Jacob?|Sino ang kambal na kapatid ni Jacob?
esau-hunter|Genesis 25:27|Esau;Jacob;Isaac;Joseph|Which son of Isaac became a skilled hunter?|യിസ്ഹാക്കിന്റെ ഏതു മകൻ സമർത്ഥനായ വേട്ടക്കാരനായി?|Welcher Sohn Isaaks wurde ein geschickter Jäger?|Quel fils d’Isaac est devenu un habile chasseur ?|Quale figlio di Isacco divenne un abile cacciatore?|¿Qué hijo de Isaac llegó a ser un hábil cazador?|Sinong anak ni Isaac ang naging mahusay na mangangaso?
jacob-dream|Genesis 28:12|Ladder;Chariot;Boat;Tower|What did Jacob see reaching to heaven in his dream?|യാക്കോബ് സ്വപ്നത്തിൽ സ്വർഗ്ഗത്തോളം എത്തുന്നതായി എന്തു കണ്ടു?|Was sah Jakob in seinem Traum bis zum Himmel reichen?|Qu’a vu Jacob s’élever jusqu’au ciel dans son rêve ?|Che cosa vide Giacobbe arrivare fino al cielo nel suo sogno?|¿Qué vio Jacob que llegaba al cielo en su sueño?|Ano ang nakita ni Jacob na umaabot sa langit sa kanyang panaginip?
jacob-name|Genesis 32:28|Israel;Abraham;Joshua;Samuel|What new name was given to Jacob?|യാക്കോബിന് ലഭിച്ച പുതിയ പേര് എന്ത്?|Welchen neuen Namen erhielt Jakob?|Quel nouveau nom Jacob a-t-il reçu ?|Quale nuovo nome fu dato a Giacobbe?|¿Qué nuevo nombre recibió Jacob?|Anong bagong pangalan ang ibinigay kay Jacob?
rachel-sons|Genesis 35:24|Benjamin;Judah;Reuben;Levi|Besides Joseph, which son of Rachel is named in Genesis 35:24?|ഉല്പത്തി 35:24-ൽ യോസേഫിനൊപ്പം പറയുന്ന റാഹേലിന്റെ മറ്റൊരു മകൻ ആര്?|Welcher Sohn Rahels wird in 1. Mose 35,24 neben Josef genannt?|Quel fils de Rachel est nommé avec Joseph en Genèse 35:24 ?|Quale figlio di Rachele è nominato insieme a Giuseppe in Genesi 35:24?|¿Qué hijo de Raquel se nombra junto a José en Génesis 35:24?|Sinong anak ni Raquel ang binanggit kasama ni Jose sa Genesis 35:24?
joseph-age-young|Genesis 37:2|17;12;20;30|How old was Joseph when he tended the flock with his brothers in Genesis 37:2?|ഉല്പത്തി 37:2-ൽ സഹോദരന്മാരോടൊപ്പം ആടുകളെ മേയിച്ച യോസേഫിന് എത്ര വയസ്സായിരുന്നു?|Wie alt war Josef, als er in 1. Mose 37,2 mit seinen Brüdern die Herde hütete?|Quel âge avait Joseph lorsqu’il gardait le troupeau avec ses frères en Genèse 37:2 ?|Quanti anni aveva Giuseppe quando pascolava il gregge con i fratelli in Genesi 37:2?|¿Cuántos años tenía José cuando pastoreaba con sus hermanos en Génesis 37:2?|Ilang taon si Jose nang magpastol siya kasama ng kanyang mga kapatid sa Genesis 37:2?
joseph-coat-giver|Genesis 37:3|Jacob;Isaac;Esau;Pharaoh|Who gave Joseph his special robe?|യോസേഫിന് വിശേഷപ്പെട്ട അങ്കി നൽകിയതാര്?|Wer gab Josef sein besonderes Gewand?|Qui a donné à Joseph sa tunique particulière ?|Chi diede a Giuseppe la sua veste speciale?|¿Quién dio a José su túnica especial?|Sino ang nagbigay kay Jose ng kanyang natatanging damit?
pharaoh-dream-interpreter|Genesis 41:25|Joseph;Moses;Aaron;Joshua|Who explained Pharaoh's dreams about cows and grain?|പശുക്കളെയും കതിരുകളെയും കുറിച്ചുള്ള ഫറവോന്റെ സ്വപ്നങ്ങൾ വിശദീകരിച്ചതാര്?|Wer erklärte Pharaos Träume von Kühen und Ähren?|Qui a expliqué les rêves du pharaon sur les vaches et les épis ?|Chi spiegò i sogni del faraone sulle mucche e sulle spighe?|¿Quién explicó los sueños del faraón sobre vacas y espigas?|Sino ang nagpaliwanag ng mga panaginip ni Faraon tungkol sa mga baka at uhay?
pharaoh-cows|Genesis 41:2|7;3;10;12|How many healthy cows first came out of the Nile in Pharaoh's dream?|ഫറവോന്റെ സ്വപ്നത്തിൽ ആദ്യം നൈൽ നദിയിൽനിന്ന് എത്ര കൊഴുത്ത പശുക്കൾ കയറി വന്നു?|Wie viele wohlgenährte Kühe stiegen in Pharaos Traum zuerst aus dem Nil?|Combien de vaches grasses sont d’abord sorties du Nil dans le rêve du pharaon ?|Quante mucche grasse uscirono per prime dal Nilo nel sogno del faraone?|¿Cuántas vacas gordas salieron primero del Nilo en el sueño del faraón?|Ilang matatabang baka ang unang umahon sa Nilo sa panaginip ni Faraon?
egypt-famine|Genesis 41:30|7;3;10;40|How many years of famine did Joseph predict after the years of plenty?|സമൃദ്ധിയുടെ വർഷങ്ങൾക്കുശേഷം എത്ര വർഷത്തെ ക്ഷാമമാണ് യോസേഫ് പ്രവചിച്ചത്?|Wie viele Hungerjahre sagte Josef nach den Jahren des Überflusses voraus?|Combien d’années de famine Joseph a-t-il annoncées après les années d’abondance ?|Quanti anni di carestia predisse Giuseppe dopo gli anni di abbondanza?|¿Cuántos años de hambre anunció José después de los años de abundancia?|Ilang taon ng taggutom ang sinabi ni Jose na susunod sa mga taon ng kasaganaan?
joseph-age-pharaoh|Genesis 41:46|30;17;40;50|How old was Joseph when he entered Pharaoh's service?|ഫറവോന്റെ സേവനത്തിൽ പ്രവേശിച്ചപ്പോൾ യോസേഫിന് എത്ര വയസ്സായിരുന്നു?|Wie alt war Josef, als er in Pharaos Dienst trat?|Quel âge avait Joseph lorsqu’il est entré au service du pharaon ?|Quanti anni aveva Giuseppe quando entrò al servizio del faraone?|¿Cuántos años tenía José cuando entró al servicio del faraón?|Ilang taon si Jose nang pumasok siya sa paglilingkod kay Faraon?
moses-mother|Exodus 6:20|Jochebed;Miriam;Sarah;Hannah|Who was the mother of Moses and Aaron?|മോശെയുടെയും അഹരോന്റെയും അമ്മ ആര്?|Wer war die Mutter von Mose und Aaron?|Qui était la mère de Moïse et d’Aaron ?|Chi era la madre di Mosè e Aronne?|¿Quién fue la madre de Moisés y Aarón?|Sino ang ina nina Moises at Aaron?
moses-rescued|Exodus 2:5-6|Pharaoh's daughter;Miriam;Sarah;Hannah|Who found the basket containing baby Moses?|മോശെ കുഞ്ഞിനെ വച്ചിരുന്ന കൊട്ട കണ്ടെത്തിയത് ആര്?|Wer fand den Korb mit dem kleinen Mose?|Qui a trouvé le panier contenant le bébé Moïse ?|Chi trovò la cesta con il piccolo Mosè?|¿Quién encontró la cesta con el bebé Moisés?|Sino ang nakakita sa basket na kinalalagyan ng sanggol na si Moises?
moses-wife|Exodus 2:21|Zipporah;Rebekah;Rachel;Leah|What was the name of Moses' wife, the daughter of Reuel?|രെയൂവേലിന്റെ മകളും മോശെയുടെ ഭാര്യയുമായ സ്ത്രീയുടെ പേര് എന്ത്?|Wie hieß Moses Frau, die Tochter Reguëls?|Comment s’appelait la femme de Moïse, fille de Réuel ?|Come si chiamava la moglie di Mosè, figlia di Reuel?|¿Cómo se llamaba la esposa de Moisés, hija de Reuel?|Ano ang pangalan ng asawa ni Moises na anak ni Reuel?
moses-sister|Exodus 15:20|Miriam;Sarah;Hannah;Rebekah|Which prophetess led the women with tambourines after the sea crossing?|കടൽ കടന്നശേഷം തപ്പുകളുമായി സ്ത്രീകളെ നയിച്ച പ്രവാചകി ആര്?|Welche Prophetin führte nach dem Durchzug durchs Meer die Frauen mit Tamburinen an?|Quelle prophétesse a mené les femmes avec des tambourins après la traversée de la mer ?|Quale profetessa guidò le donne con i tamburelli dopo il passaggio del mare?|¿Qué profetisa dirigió a las mujeres con panderos después de cruzar el mar?|Sinong propetisa ang nanguna sa mga babaeng may tamburin matapos tumawid sa dagat?
passover-doorposts|Exodus 12:7|Blood;Water;Oil;Honey|What were the Israelites told to put on their doorposts at the first Passover?|ആദ്യ പെസഹയിൽ കട്ടിളക്കാലുകളിൽ എന്തു പുരട്ടാനാണ് യിസ്രായേല്യരോട് പറഞ്ഞത്?|Was sollten die Israeliten beim ersten Passah an ihre Türpfosten streichen?|Que devaient mettre les Israélites sur leurs montants de porte lors de la première Pâque ?|Che cosa dovevano mettere gli Israeliti sugli stipiti alla prima Pasqua?|¿Qué debían poner los israelitas en los postes de sus puertas en la primera Pascua?|Ano ang ipinahid ng mga Israelita sa mga poste ng pintuan noong unang Paskuwa?
first-plague|Exodus 7:20|Blood;Oil;Honey;Milk|What did the water of the Nile become in the first plague?|ആദ്യ ബാധയിൽ നൈൽ നദിയിലെ വെള്ളം എന്തായി മാറി?|In was verwandelte sich das Nilwasser bei der ersten Plage?|En quoi l’eau du Nil s’est-elle changée lors de la première plaie ?|In che cosa si trasformò l’acqua del Nilo nella prima piaga?|¿En qué se convirtió el agua del Nilo en la primera plaga?|Ano ang naging tubig ng Nilo sa unang salot?
sea-crossing|Exodus 14:21-22|Moses;Aaron;Joshua;Caleb|Who stretched out his hand over the sea before the waters divided?|വെള്ളം പിരിയുന്നതിനുമുമ്പ് കടലിന്മേൽ കൈ നീട്ടിയതാര്?|Wer streckte seine Hand über das Meer aus, bevor sich das Wasser teilte?|Qui a étendu sa main sur la mer avant que les eaux se séparent ?|Chi stese la mano sul mare prima che le acque si dividessero?|¿Quién extendió su mano sobre el mar antes de que se dividieran las aguas?|Sino ang nag-unat ng kamay sa dagat bago nahati ang tubig?
bitter-water|Exodus 15:23|Marah;Elim;Jericho;Bethlehem|Where did the Israelites find water too bitter to drink?|കുടിക്കാൻ കഴിയാത്ത കയ്പുള്ള വെള്ളം യിസ്രായേല്യർ എവിടെ കണ്ടെത്തി?|Wo fanden die Israeliten Wasser, das zu bitter zum Trinken war?|Où les Israélites ont-ils trouvé de l’eau trop amère pour être bue ?|Dove trovarono gli Israeliti acqua troppo amara da bere?|¿Dónde encontraron los israelitas agua demasiado amarga para beber?|Saan nakakita ang mga Israelita ng tubig na napakapait inumin?
ten-commandments|Deuteronomy 4:13|10;5;7;12|How many commandments were written as God's covenant on the tablets?|ഉടമ്പടിയായി ദൈവം പലകകളിൽ എഴുതിയ കല്പനകൾ എത്ര?|Wie viele Gebote wurden als Gottes Bund auf die Tafeln geschrieben?|Combien de commandements ont été écrits sur les tables de l’alliance ?|Quanti comandamenti furono scritti sulle tavole dell’alleanza?|¿Cuántos mandamientos se escribieron en las tablas del pacto?|Ilang utos ang isinulat sa mga tapyas bilang tipan ng Diyos?
stone-tablets|Exodus 31:18|2;3;4;10|How many stone tablets did God give Moses on Mount Sinai?|സീനായി മലയിൽ ദൈവം മോശെയ്ക്ക് എത്ര കൽപ്പലകകൾ നൽകി?|Wie viele Steintafeln gab Gott Mose auf dem Berg Sinai?|Combien de tables de pierre Dieu a-t-il données à Moïse sur le mont Sinaï ?|Quante tavole di pietra diede Dio a Mosè sul monte Sinai?|¿Cuántas tablas de piedra dio Dios a Moisés en el monte Sinaí?|Ilang tapyas na bato ang ibinigay ng Diyos kay Moises sa Bundok Sinai?
golden-calf|Exodus 32:4|Calf;Lion;Eagle;Dove|What animal did Aaron shape from the people's gold?|ജനങ്ങളുടെ സ്വർണ്ണംകൊണ്ട് അഹരോൻ ഏതു മൃഗത്തിന്റെ രൂപമാണ് ഉണ്ടാക്കിയത്?|Welches Tier formte Aaron aus dem Gold des Volkes?|Quel animal Aaron a-t-il façonné avec l’or du peuple ?|Quale animale modellò Aronne con l’oro del popolo?|¿Qué animal formó Aarón con el oro del pueblo?|Anong hayop ang hinubog ni Aaron mula sa ginto ng mga tao?
sinai-mountain|Exodus 19:20|Sinai;Carmel;Ararat;Zion|On which mountain did the Lord call Moses to the summit in Exodus 19?|പുറപ്പാട് 19-ൽ ഏതു മലയുടെ മുകളിലേക്കാണ് യഹോവ മോശെയെ വിളിച്ചത്?|Auf welchem Berg rief der Herr Mose in 2. Mose 19 zum Gipfel?|Sur quelle montagne le Seigneur a-t-il appelé Moïse au sommet en Exode 19 ?|Su quale monte il Signore chiamò Mosè sulla vetta in Esodo 19?|¿En qué monte llamó el Señor a Moisés a la cumbre en Éxodo 19?|Saang bundok tinawag ng Panginoon si Moises sa tuktok sa Exodo 19?
spies-grapes|Numbers 13:23|Grapes;Figs;Olives;Dates|Which fruit cluster did the spies carry on a pole between two men?|രണ്ടുപേർ ഒരു തണ്ടിൽ ചുമന്നുകൊണ്ടുവന്ന പഴക്കുല ഏത്?|Welche Fruchttraube trugen zwei Kundschafter an einer Stange?|Quelle grappe de fruits deux explorateurs ont-ils portée sur une perche ?|Quale grappolo di frutta portarono due esploratori su una stanga?|¿Qué racimo de fruta llevaron dos exploradores en una vara?|Anong kumpol ng prutas ang dinala ng dalawang espiya sa isang pingga?
faithful-spies|Numbers 14:6|Caleb;Aaron;Gideon;Samson|Which spy tore his clothes together with Joshua in Numbers 14?|സംഖ്യാപുസ്തകം 14-ൽ യോശുവയോടൊപ്പം വസ്ത്രം കീറിയ ഒറ്റുകാരൻ ആര്?|Welcher Kundschafter zerriss in 4. Mose 14 zusammen mit Josua seine Kleider?|Quel explorateur a déchiré ses vêtements avec Josué en Nombres 14 ?|Quale esploratore si stracciò le vesti insieme a Giosuè in Numeri 14?|¿Qué explorador rasgó sus vestidos junto con Josué en Números 14?|Sinong espiya ang pumunit ng kanyang damit kasama ni Josue sa Mga Bilang 14?
balaam-animal|Numbers 22:28|Donkey;Camel;Horse;Lion|Which animal spoke to Balaam when the Lord opened its mouth?|യഹോവ വായ് തുറന്നപ്പോൾ ബിലെയാമിനോട് സംസാരിച്ച മൃഗം ഏത്?|Welches Tier sprach zu Bileam, als der Herr seinen Mund öffnete?|Quel animal a parlé à Balaam lorsque le Seigneur lui a ouvert la bouche ?|Quale animale parlò a Balaam quando il Signore gli aprì la bocca?|¿Qué animal habló a Balaam cuando el Señor abrió su boca?|Anong hayop ang nagsalita kay Balaam nang buksan ng Panginoon ang bibig nito?
moses-age|Deuteronomy 34:7|120;80;100;150|How old was Moses when he died?|മോശെ മരിക്കുമ്പോൾ എത്ര വയസ്സായിരുന്നു?|Wie alt war Mose, als er starb?|Quel âge avait Moïse à sa mort ?|Quanti anni aveva Mosè quando morì?|¿Cuántos años tenía Moisés cuando murió?|Ilang taon si Moises nang siya ay mamatay?
moses-successor|Deuteronomy 34:9|Joshua;Aaron;Caleb;Gideon|On whom had Moses laid his hands, filling him with the spirit of wisdom?|ജ്ഞാനാത്മാവിനാൽ നിറഞ്ഞവനായി മോശെ കൈവച്ചത് ആരുടെ മേൽ?|Wem hatte Mose die Hände aufgelegt, sodass er vom Geist der Weisheit erfüllt war?|À qui Moïse avait-il imposé les mains, le remplissant de l’esprit de sagesse ?|Su chi Mosè aveva imposto le mani, riempiendolo dello spirito di sapienza?|¿Sobre quién había puesto Moisés sus manos, llenándolo del espíritu de sabiduría?|Kanino ipinatong ni Moises ang kanyang mga kamay, kaya napuspos siya ng espiritu ng karunungan?
rahab-spies|Joshua 2:1-4|Rahab;Ruth;Esther;Deborah|Which woman hid the two spies in Jericho?|യെരീഹോവിലെ രണ്ടു ഒറ്റുകാരെ ഒളിപ്പിച്ച സ്ത്രീ ആര്?|Welche Frau versteckte die beiden Kundschafter in Jericho?|Quelle femme a caché les deux espions à Jéricho ?|Quale donna nascose le due spie a Gerico?|¿Qué mujer escondió a los dos espías en Jericó?|Sinong babae ang nagtago sa dalawang espiya sa Jerico?
jordan-crossing|Joshua 3:17|Jordan;Nile;Euphrates;Tigris|Which river did Israel cross on dry ground under Joshua's leadership?|യോശുവയുടെ നേതൃത്വത്തിൽ യിസ്രായേൽ ഏതു നദിയാണ് ഉണങ്ങിയ നിലത്തിലൂടെ കടന്നത്?|Welchen Fluss überquerte Israel unter Josuas Führung auf trockenem Boden?|Quel fleuve Israël a-t-il traversé à sec sous la conduite de Josué ?|Quale fiume attraversò Israele sull’asciutto sotto la guida di Giosuè?|¿Qué río cruzó Israel en seco bajo el liderazgo de Josué?|Anong ilog ang tinawid ng Israel sa tuyong lupa sa pamumuno ni Josue?
gideon-army|Judges 7:7|300;30;3000;1000|How many men did the Lord choose for Gideon's victory over Midian?|മിദ്യാനെതിരെ ഗിദെയോൻ ജയിക്കാൻ യഹോവ എത്ര പേരെ തിരഞ്ഞെടുത്തു?|Wie viele Männer wählte der Herr für Gideons Sieg über Midian?|Combien d’hommes le Seigneur a-t-il choisis pour la victoire de Gédéon sur Madian ?|Quanti uomini scelse il Signore per la vittoria di Gedeone su Madian?|¿Cuántos hombres eligió el Señor para la victoria de Gedeón sobre Madián?|Ilang lalaki ang pinili ng Panginoon para sa tagumpay ni Gideon laban sa Midian?
samson-hair|Judges 16:17|Samson;Gideon;Saul;David|Who said his strength would leave him if his head were shaved?|തലമുടി ക്ഷൗരം ചെയ്താൽ ശക്തി വിട്ടുപോകുമെന്ന് പറഞ്ഞതാര്?|Wer sagte, seine Kraft würde ihn verlassen, wenn sein Kopf geschoren würde?|Qui a dit qu’il perdrait sa force si sa tête était rasée ?|Chi disse che avrebbe perso la forza se gli avessero rasato il capo?|¿Quién dijo que perdería su fuerza si le raparan la cabeza?|Sino ang nagsabing mawawala ang kanyang lakas kapag inahitan ang kanyang ulo?
deborah-judge|Judges 4:4|Deborah;Ruth;Esther;Hannah|Which prophetess was judging Israel in Judges 4?|ന്യായാധിപന്മാർ 4-ൽ യിസ്രായേലിനെ ന്യായം വിധിച്ച പ്രവാചകി ആര്?|Welche Prophetin richtete Israel in Richter 4?|Quelle prophétesse jugeait Israël en Juges 4 ?|Quale profetessa giudicava Israele in Giudici 4?|¿Qué profetisa juzgaba a Israel en Jueces 4?|Sinong propetisa ang hukom ng Israel sa Mga Hukom 4?
ruth-mother-in-law|Ruth 1:22|Naomi;Hannah;Sarah;Miriam|Who was Ruth's mother-in-law?|രൂത്തിന്റെ അമ്മായിയമ്മ ആര്?|Wer war Ruts Schwiegermutter?|Qui était la belle-mère de Ruth ?|Chi era la suocera di Rut?|¿Quién fue la suegra de Rut?|Sino ang biyenan ni Ruth?
ruth-husband|Ruth 4:13|Boaz;Jesse;David;Saul|Who married Ruth in Bethlehem?|ബേത്ത്‌ലേഹെമിൽ രൂത്തിനെ വിവാഹം ചെയ്തതാര്?|Wer heiratete Rut in Bethlehem?|Qui a épousé Ruth à Bethléem ?|Chi sposò Rut a Betlemme?|¿Quién se casó con Rut en Belén?|Sino ang nagpakasal kay Ruth sa Betlehem?
samuel-mother|1 Samuel 1:20|Hannah;Naomi;Ruth;Deborah|Who gave birth to Samuel and named him?|ശമൂവേലിനെ പ്രസവിച്ച് പേരിട്ടത് ആര്?|Wer gebar Samuel und gab ihm seinen Namen?|Qui a donné naissance à Samuel et lui a donné son nom ?|Chi partorì Samuele e gli diede il nome?|¿Quién dio a luz a Samuel y le puso ese nombre?|Sino ang nagsilang kay Samuel at nagbigay sa kanya ng pangalan?
samuel-eli|1 Samuel 3:1|Eli;Samuel;Nathan;Elijah|Under which priest did the boy Samuel serve the Lord?|ശമൂവേൽ ബാലൻ ഏതു പുരോഹിതന്റെ കീഴിൽ യഹോവയെ ശുശ്രൂഷിച്ചു?|Unter welchem Priester diente der junge Samuel dem Herrn?|Sous quel prêtre le jeune Samuel servait-il le Seigneur ?|Sotto quale sacerdote il giovane Samuele serviva il Signore?|¿Bajo qué sacerdote servía al Señor el joven Samuel?|Sa ilalim ng sinong pari naglingkod sa Panginoon ang batang si Samuel?
david-father|1 Samuel 17:12|Jesse;Saul;Jonathan;Samuel|Who was David's father?|ദാവീദിന്റെ പിതാവ് ആര്?|Wer war Davids Vater?|Qui était le père de David ?|Chi era il padre di Davide?|¿Quién fue el padre de David?|Sino ang ama ni David?
david-friend|1 Samuel 18:1|Jonathan;Absalom;Goliath;Saul|Whose soul was closely bound to David's after David spoke to Saul?|ദാവീദ് ശൗലിനോട് സംസാരിച്ചതിനുശേഷം ആരുടെ മനസ്സാണ് ദാവീദിനോട് പറ്റിച്ചേർന്നത്?|Wessen Seele verband sich eng mit David, nachdem David mit Saul gesprochen hatte?|Qui s’est profondément attaché à David après que celui-ci a parlé à Saül ?|Chi si legò profondamente a Davide dopo che questi parlò con Saul?|¿Quién quedó profundamente unido a David después de que este habló con Saúl?|Sino ang naging lubos na malapit kay David matapos siyang makipag-usap kay Saul?
saul-chosen|1 Samuel 10:24|Saul;David;Solomon;Samuel|Which man did Samuel present as the king chosen by the Lord in 1 Samuel 10?|1 ശമൂവേൽ 10-ൽ യഹോവ തിരഞ്ഞെടുത്ത രാജാവായി ശമൂവേൽ ആരെ അവതരിപ്പിച്ചു?|Wen stellte Samuel in 1. Samuel 10 als den vom Herrn erwählten König vor?|Qui Samuel a-t-il présenté comme le roi choisi par le Seigneur en 1 Samuel 10 ?|Chi presentò Samuele come il re scelto dal Signore in 1 Samuele 10?|¿A quién presentó Samuel como el rey elegido por el Señor en 1 Samuel 10?|Sino ang ipinakilala ni Samuel bilang haring pinili ng Panginoon sa 1 Samuel 10?
david-stones|1 Samuel 17:40|5;3;7;12|How many smooth stones did David choose from the stream?|ദാവീദ് തോട്ടിൽനിന്ന് എത്ര മിനുസമുള്ള കല്ലുകൾ എടുത്തു?|Wie viele glatte Steine suchte David aus dem Bach aus?|Combien de pierres lisses David a-t-il choisies dans le torrent ?|Quante pietre lisce scelse Davide dal torrente?|¿Cuántas piedras lisas escogió David del arroyo?|Ilang makikinis na bato ang pinili ni David mula sa batis?
solomon-prayer|1 Kings 3:9|Solomon;Saul;David;Josiah|Which king asked for an understanding heart to judge God's people?|ദൈവജനത്തെ ന്യായം വിധിക്കാൻ വിവേകമുള്ള ഹൃദയം ചോദിച്ച രാജാവ് ആര്?|Welcher König bat um ein verständiges Herz, um Gottes Volk zu richten?|Quel roi a demandé un cœur intelligent pour juger le peuple de Dieu ?|Quale re chiese un cuore intelligente per giudicare il popolo di Dio?|¿Qué rey pidió un corazón entendido para juzgar al pueblo de Dios?|Sinong hari ang humiling ng pusong maunawain upang humatol sa bayan ng Diyos?
solomon-temple|1 Kings 6:1|Solomon;David;Saul;Josiah|Which king began building the Lord's temple in the fourth year of his reign?|തന്റെ ഭരണത്തിന്റെ നാലാം വർഷം യഹോവയുടെ ആലയം പണിയാൻ തുടങ്ങിയ രാജാവ് ആര്?|Welcher König begann im vierten Jahr seiner Herrschaft den Tempel des Herrn zu bauen?|Quel roi a commencé à bâtir le temple du Seigneur la quatrième année de son règne ?|Quale re iniziò a costruire il tempio del Signore nel quarto anno del suo regno?|¿Qué rey comenzó a construir el templo del Señor en el cuarto año de su reinado?|Sinong hari ang nagsimulang magtayo ng templo ng Panginoon sa ikaapat na taon ng kanyang paghahari?
elijah-fed|1 Kings 17:6|Ravens;Doves;Eagles;Sparrows|Which birds brought Elijah bread and meat by the brook?|തോട്ടിനരികിൽ ഏലിയാവിന് അപ്പവും മാംസവും കൊണ്ടുവന്ന പക്ഷികൾ ഏത്?|Welche Vögel brachten Elia am Bach Brot und Fleisch?|Quels oiseaux apportaient du pain et de la viande à Élie près du torrent ?|Quali uccelli portavano pane e carne a Elia presso il torrente?|¿Qué aves llevaban pan y carne a Elías junto al arroyo?|Anong mga ibon ang nagdadala ng tinapay at karne kay Elias sa tabi ng batis?
elijah-widow-town|1 Kings 17:9|Zarephath;Jericho;Bethlehem;Nazareth|To which town did God send Elijah to be supplied with food by a widow?|ഒരു വിധവയുടെ സഹായം ലഭിക്കാൻ ദൈവം ഏലിയാവിനെ ഏതു പട്ടണത്തിലേക്ക് അയച്ചു?|In welche Stadt sandte Gott Elia, damit eine Witwe ihn versorgte?|Dans quelle ville Dieu a-t-il envoyé Élie pour qu’une veuve le nourrisse ?|In quale città Dio mandò Elia perché una vedova lo nutrisse?|¿A qué ciudad envió Dios a Elías para que una viuda lo alimentara?|Saang bayan isinugo ng Diyos si Elias upang pakainin siya ng isang biyuda?
elijah-carmel|1 Kings 18:20|Carmel;Sinai;Ararat;Zion|On which mountain did Ahab gather the prophets to meet Elijah?|ഏലിയാവിനെ കാണാൻ ആഹാബ് പ്രവാചകന്മാരെ ഏതു മലയിൽ കൂട്ടിവരുത്തി?|Auf welchem Berg versammelte Ahab die Propheten, um Elia zu begegnen?|Sur quelle montagne Achab a-t-il rassemblé les prophètes pour rencontrer Élie ?|Su quale monte Acab radunò i profeti per incontrare Elia?|¿En qué monte reunió Acab a los profetas para encontrarse con Elías?|Saang bundok tinipon ni Ahab ang mga propeta upang makaharap si Elias?
elijah-successor|2 Kings 2:15|Elisha;Isaiah;Jeremiah;Daniel|On whom did the prophets say the spirit of Elijah rested?|ഏലിയാവിന്റെ ആത്മാവ് ആരുടെ മേൽ അധിവസിക്കുന്നു എന്നാണ് പ്രവാചകന്മാർ പറഞ്ഞത്?|Auf wem ruhte nach den Worten der Propheten der Geist Elias?|Sur qui, selon les prophètes, l’esprit d’Élie reposait-il ?|Su chi, secondo i profeti, si era posato lo spirito di Elia?|¿Sobre quién dijeron los profetas que reposaba el espíritu de Elías?|Kanino sinabi ng mga propeta na sumasa kaniya ang espiritu ni Elias?
naaman-river|2 Kings 5:14|Jordan;Nile;Euphrates;Tigris|In which river did Naaman wash and become clean?|നയമാൻ ഏതു നദിയിൽ കുളിച്ചാണ് ശുദ്ധനായത്?|In welchem Fluss wusch sich Naaman und wurde rein?|Dans quel fleuve Naaman s’est-il lavé et a-t-il été purifié ?|In quale fiume si lavò Naaman e fu purificato?|¿En qué río se lavó Naamán y quedó limpio?|Saang ilog naligo si Naaman at luminis?
naaman-dips|2 Kings 5:14|7;3;5;10|How many times did Naaman dip himself in the Jordan?|നയമാൻ യോർദ്ദാനിൽ എത്ര പ്രാവശ്യം മുങ്ങി?|Wie oft tauchte Naaman im Jordan unter?|Combien de fois Naaman s’est-il plongé dans le Jourdain ?|Quante volte Naaman si immerse nel Giordano?|¿Cuántas veces se sumergió Naamán en el Jordán?|Ilang beses lumubog si Naaman sa Jordan?
josiah-age|2 Kings 22:1|8;12;20;30|How old was Josiah when he became king?|യോശീയാവ് രാജാവായപ്പോൾ എത്ര വയസ്സായിരുന്നു?|Wie alt war Josia, als er König wurde?|Quel âge avait Josias lorsqu’il est devenu roi ?|Quanti anni aveva Giosia quando divenne re?|¿Cuántos años tenía Josías cuando comenzó a reinar?|Ilang taon si Josias nang siya ay maging hari?
esther-raised|Esther 2:7|Mordecai;Daniel;Ezra;Nehemiah|Who raised Esther after her parents died?|മാതാപിതാക്കളുടെ മരണശേഷം എസ്ഥേരിനെ വളർത്തിയതാര്?|Wer zog Ester nach dem Tod ihrer Eltern auf?|Qui a élevé Esther après la mort de ses parents ?|Chi allevò Ester dopo la morte dei suoi genitori?|¿Quién crió a Ester después de la muerte de sus padres?|Sino ang nagpalaki kay Ester nang mamatay ang kanyang mga magulang?
job-friends|Job 2:11|3;2;7;12|How many friends came together to comfort Job in Job 2:11?|ഇയ്യോബ് 2:11-ൽ അവനെ ആശ്വസിപ്പിക്കാൻ എത്ര സുഹൃത്തുക്കൾ ഒന്നിച്ചുവന്നു?|Wie viele Freunde kamen in Hiob 2,11 zusammen, um Hiob zu trösten?|Combien d’amis se sont réunis pour consoler Job en Job 2:11 ?|Quanti amici si riunirono per consolare Giobbe in Giobbe 2:11?|¿Cuántos amigos se reunieron para consolar a Job en Job 2:11?|Ilang kaibigan ang nagtipon upang aliwin si Job sa Job 2:11?
jonah-city|Jonah 1:2|Nineveh;Jericho;Bethlehem;Nazareth|To which city did God first command Jonah to go?|ആദ്യം ഏതു പട്ടണത്തിലേക്ക് പോകാനാണ് ദൈവം യോനായോട് കല്പിച്ചത്?|In welche Stadt sollte Jona nach Gottes erstem Auftrag gehen?|Dans quelle ville Dieu a-t-il d’abord ordonné à Jonas d’aller ?|In quale città Dio ordinò inizialmente a Giona di andare?|¿A qué ciudad mandó Dios ir a Jonás al principio?|Saang lungsod unang inutusan ng Diyos si Jonas na pumunta?
jonah-days|Jonah 1:17|3;7;12;40|How many days and nights was Jonah inside the great fish?|വലിയ മത്സ്യത്തിന്റെ ഉള്ളിൽ യോനാ എത്ര രാവും പകലും ഉണ്ടായിരുന്നു?|Wie viele Tage und Nächte war Jona im großen Fisch?|Combien de jours et de nuits Jonas est-il resté dans le grand poisson ?|Quanti giorni e notti rimase Giona nel grande pesce?|¿Cuántos días y noches estuvo Jonás dentro del gran pez?|Ilang araw at gabi si Jonas sa loob ng malaking isda?
gabriel-mary|Luke 1:26-27|Gabriel;Michael;Raphael;Uriel|Which angel was sent to Mary in Nazareth?|നസറായത്തിലെ മറിയത്തിന്റെ അടുക്കൽ അയയ്ക്കപ്പെട്ട ദൂതൻ ആര്?|Welcher Engel wurde zu Maria nach Nazareth gesandt?|Quel ange a été envoyé à Marie à Nazareth ?|Quale angelo fu mandato a Maria a Nazaret?|¿Qué ángel fue enviado a María en Nazaret?|Sinong anghel ang isinugo kay Maria sa Nazaret?
john-father|Luke 1:13|Zechariah;Joseph;Zebedee;Simeon|Who was the father of John the Baptist?|യോഹന്നാൻ സ്നാപകന്റെ പിതാവ് ആര്?|Wer war der Vater von Johannes dem Täufer?|Qui était le père de Jean-Baptiste ?|Chi era il padre di Giovanni Battista?|¿Quién fue el padre de Juan el Bautista?|Sino ang ama ni Juan Bautista?
john-mother|Luke 1:13|Elizabeth;Mary;Anna;Martha|Who was the mother of John the Baptist?|യോഹന്നാൻ സ്നാപകന്റെ അമ്മ ആര്?|Wer war die Mutter von Johannes dem Täufer?|Qui était la mère de Jean-Baptiste ?|Chi era la madre di Giovanni Battista?|¿Quién fue la madre de Juan el Bautista?|Sino ang ina ni Juan Bautista?
simeon-temple|Luke 2:25-28|Simeon;Zechariah;Joseph;Zebedee|Who took the child Jesus in his arms and praised God in the temple?|ദൈവാലയത്തിൽ യേശു കുഞ്ഞിനെ കൈയിലെടുത്ത് ദൈവത്തെ സ്തുതിച്ചതാര്?|Wer nahm das Jesuskind im Tempel auf die Arme und lobte Gott?|Qui a pris l’enfant Jésus dans ses bras au temple et a loué Dieu ?|Chi prese in braccio il bambino Gesù nel tempio e lodò Dio?|¿Quién tomó al niño Jesús en sus brazos en el templo y alabó a Dios?|Sino ang kumarga sa batang si Jesus at nagpuri sa Diyos sa templo?
anna-prophetess|Luke 2:36|Anna;Elizabeth;Mary;Martha|Which prophetess in the temple was the daughter of Phanuel?|ദൈവാലയത്തിലുണ്ടായിരുന്ന ഫനൂവേലിന്റെ മകളായ പ്രവാചകി ആര്?|Welche Prophetin im Tempel war Phanuëls Tochter?|Quelle prophétesse du temple était la fille de Phanuel ?|Quale profetessa del tempio era figlia di Fanuel?|¿Qué profetisa del templo era hija de Fanuel?|Sinong propetisa sa templo ang anak ni Fanuel?
jesus-age-temple|Luke 2:42|12;7;18;30|How old was Jesus when His family went to Jerusalem for the feast in Luke 2:42?|ലൂക്കൊസ് 2:42-ൽ പെരുന്നാളിന് യെരൂശലേമിൽ പോയപ്പോൾ യേശുവിന് എത്ര വയസ്സായിരുന്നു?|Wie alt war Jesus beim Festbesuch seiner Familie in Jerusalem in Lukas 2,42?|Quel âge avait Jésus lors du voyage de sa famille à Jérusalem pour la fête en Luc 2:42 ?|Quanti anni aveva Gesù quando la sua famiglia andò a Gerusalemme per la festa in Luca 2:42?|¿Cuántos años tenía Jesús cuando su familia fue a Jerusalén para la fiesta en Lucas 2:42?|Ilang taon si Jesus nang pumunta ang kanyang pamilya sa Jerusalem para sa pista sa Lucas 2:42?
jesus-fast|Luke 4:2|40;7;12;30|For how many days was Jesus tempted in the wilderness while eating nothing?|ഒന്നും ഭക്ഷിക്കാതെ മരുഭൂമിയിൽ യേശു എത്ര ദിവസം പരീക്ഷിക്കപ്പെട്ടു?|Wie viele Tage wurde Jesus in der Wüste versucht, während er nichts aß?|Pendant combien de jours Jésus a-t-il été tenté au désert sans rien manger ?|Per quanti giorni Gesù fu tentato nel deserto senza mangiare nulla?|¿Durante cuántos días fue tentado Jesús en el desierto sin comer nada?|Ilang araw tinukso si Jesus sa ilang habang hindi kumakain?
matthew-tax|Matthew 9:9|Matthew;Peter;Thomas;Andrew|Who was sitting at the tax booth when Jesus said, “Follow Me”?|യേശു “എന്നെ അനുഗമിക്ക” എന്നു പറഞ്ഞപ്പോൾ ചുങ്കസ്ഥലത്ത് ഇരുന്നവൻ ആര്?|Wer saß am Zoll, als Jesus sagte: „Folge mir nach“?|Qui était assis au bureau des impôts lorsque Jésus lui a dit de le suivre ?|Chi era seduto al banco delle imposte quando Gesù gli disse di seguirlo?|¿Quién estaba sentado al banco de los impuestos cuando Jesús le dijo que lo siguiera?|Sino ang nakaupo sa tanggapan ng buwis nang sabihin ni Jesus na sumunod sa Kanya?
zebedee-sons|Matthew 4:21|Zebedee;Zechariah;Joseph;Simeon|Who was the father of the brothers James and John?|യാക്കോബും യോഹന്നാനും എന്ന സഹോദരന്മാരുടെ പിതാവ് ആര്?|Wer war der Vater der Brüder Jakobus und Johannes?|Qui était le père des frères Jacques et Jean ?|Chi era il padre dei fratelli Giacomo e Giovanni?|¿Quién fue el padre de los hermanos Santiago y Juan?|Sino ang ama ng magkapatid na Santiago at Juan?
mary-listens|Luke 10:39|Mary;Martha;Elizabeth;Anna|Which sister sat at Jesus' feet and listened to His teaching?|യേശുവിന്റെ കാൽക്കൽ ഇരുന്ന് ഉപദേശം കേട്ട സഹോദരി ആര്?|Welche Schwester saß zu Jesu Füßen und hörte ihm zu?|Quelle sœur s’est assise aux pieds de Jésus pour écouter son enseignement ?|Quale sorella si sedette ai piedi di Gesù per ascoltare il suo insegnamento?|¿Qué hermana se sentó a los pies de Jesús para escuchar su enseñanza?|Sinong kapatid na babae ang naupo sa paanan ni Jesus at nakinig sa Kanyang turo?
jacob-well|John 4:6|Jacob;Abraham;Isaac;Joseph|Whose well was beside the place where Jesus sat, tired from His journey?|യാത്രചെയ്തു ക്ഷീണിച്ച യേശു ഇരുന്ന സ്ഥലത്തുണ്ടായിരുന്ന കിണർ ആരുടേത്?|Wessen Brunnen lag dort, wo Jesus sich müde von der Reise niederließ?|À qui appartenait le puits près duquel Jésus s’est assis, fatigué du voyage ?|Di chi era il pozzo presso cui Gesù si sedette, stanco del viaggio?|¿De quién era el pozo junto al cual se sentó Jesús, cansado del viaje?|Kaninong balon ang nasa lugar na inuupuan ni Jesus matapos mapagod sa paglalakbay?
sychar-town|John 4:5|Sychar;Bethlehem;Nazareth;Jericho|Which Samaritan town did Jesus reach before meeting the woman at the well?|കിണറ്റിനരികിലെ സ്ത്രീയെ കാണുന്നതിനുമുമ്പ് യേശു എത്തിയ ശമര്യയിലെ പട്ടണം ഏത്?|Welche Stadt in Samarien erreichte Jesus vor der Begegnung mit der Frau am Brunnen?|Dans quelle ville de Samarie Jésus est-il arrivé avant de rencontrer la femme au puits ?|In quale città della Samaria arrivò Gesù prima di incontrare la donna al pozzo?|¿A qué ciudad de Samaria llegó Jesús antes de encontrarse con la mujer junto al pozo?|Saang bayan ng Samaria dumating si Jesus bago Niya nakilala ang babae sa balon?
bethesda-years|John 5:5|38;12;18;40|How many years had the man at the pool been ill in John 5:5?|യോഹന്നാൻ 5:5-ൽ കുളത്തിനരികിലെ മനുഷ്യൻ എത്ര വർഷമായി രോഗിയായിരുന്നു?|Wie viele Jahre war der Mann am Teich in Johannes 5,5 krank gewesen?|Depuis combien d’années l’homme près de la piscine était-il malade en Jean 5:5 ?|Da quanti anni era malato l’uomo presso la piscina in Giovanni 5:5?|¿Cuántos años llevaba enfermo el hombre junto al estanque en Juan 5:5?|Ilang taon nang may sakit ang lalaki sa tabi ng tipunan ng tubig sa Juan 5:5?
siloam-pool|John 9:7|Siloam;Bethesda;Jordan;Nile|To which pool did Jesus send the man born blind to wash?|ജന്മനാ അന്ധനായ മനുഷ്യനോട് ഏതു കുളത്തിൽ കഴുകാനാണ് യേശു പറഞ്ഞത്?|Zu welchem Teich sandte Jesus den blind geborenen Mann, um sich zu waschen?|À quelle piscine Jésus a-t-il envoyé l’aveugle de naissance pour se laver ?|A quale piscina Gesù mandò l’uomo cieco dalla nascita a lavarsi?|¿A qué estanque envió Jesús al ciego de nacimiento para lavarse?|Saang tipunan ng tubig pinapaghugas ni Jesus ang lalaking ipinanganak na bulag?
bartimaeus-father|Mark 10:46|Timaeus;Zebedee;Zechariah;Joseph|Who was the father of blind Bartimaeus?|അന്ധനായ ബർത്തിമായിയുടെ പിതാവ് ആര്?|Wer war der Vater des blinden Bartimäus?|Qui était le père de l’aveugle Bartimée ?|Chi era il padre del cieco Bartimeo?|¿Quién fue el padre del ciego Bartimeo?|Sino ang ama ng bulag na si Bartimeo?
feeding-baskets|Matthew 14:20|12;5;7;10|How many baskets of leftovers were collected after the feeding of the five thousand?|അയ്യായിരം പേരെ ഭക്ഷിപ്പിച്ചശേഷം ശേഷിച്ച കഷണങ്ങൾ എത്ര കൊട്ടകളിൽ ശേഖരിച്ചു?|Wie viele Körbe mit Resten wurden nach der Speisung der Fünftausend gesammelt?|Combien de paniers de restes ont été ramassés après le repas des cinq mille ?|Quante ceste di avanzi furono raccolte dopo il pasto dei cinquemila?|¿Cuántas cestas de sobras recogieron después de alimentar a los cinco mil?|Ilang basket ng natirang pagkain ang tinipon matapos pakainin ang limang libo?
feeding-fish|Matthew 14:17|2;3;5;7|How many fish were available with the five loaves before the feeding of the five thousand?|അയ്യായിരം പേരെ ഭക്ഷിപ്പിക്കുന്നതിനുമുമ്പ് അഞ്ചപ്പത്തോടൊപ്പം എത്ര മീനുകൾ ഉണ്ടായിരുന്നു?|Wie viele Fische waren vor der Speisung der Fünftausend neben den fünf Broten vorhanden?|Combien de poissons accompagnaient les cinq pains avant le repas des cinq mille ?|Quanti pesci c’erano insieme ai cinque pani prima del pasto dei cinquemila?|¿Cuántos peces había junto con los cinco panes antes de alimentar a los cinco mil?|Ilang isda ang kasama ng limang tinapay bago pakainin ang limang libo?
feeding-four-thousand|Matthew 15:34|7;5;3;12|How many loaves did the disciples have before Jesus fed the four thousand?|യേശു നാലായിരം പേരെ ഭക്ഷിപ്പിക്കുന്നതിനുമുമ്പ് ശിഷ്യന്മാരുടെ പക്കൽ എത്ര അപ്പങ്ങൾ ഉണ്ടായിരുന്നു?|Wie viele Brote hatten die Jünger vor der Speisung der Viertausend?|Combien de pains les disciples avaient-ils avant le repas des quatre mille ?|Quanti pani avevano i discepoli prima che Gesù sfamasse i quattromila?|¿Cuántos panes tenían los discípulos antes de que Jesús alimentara a los cuatro mil?|Ilang tinapay ang mayroon ang mga alagad bago pakainin ni Jesus ang apat na libo?
transfiguration-disciples|Matthew 17:1|3;2;7;12|How many disciples did Jesus take up the mountain at His transfiguration?|രൂപാന്തരപ്പെടുമ്പോൾ യേശു എത്ര ശിഷ്യന്മാരെ മലയിലേക്കു കൊണ്ടുപോയി?|Wie viele Jünger nahm Jesus bei seiner Verklärung mit auf den Berg?|Combien de disciples Jésus a-t-il emmenés sur la montagne lors de sa transfiguration ?|Quanti discepoli portò Gesù sul monte alla sua trasfigurazione?|¿A cuántos discípulos llevó Jesús al monte en su transfiguración?|Ilang alagad ang isinama ni Jesus sa bundok nang Siya ay nagbagong-anyo?
gethsemane-prayer|Matthew 26:36|Gethsemane;Bethlehem;Cana;Jericho|Where did Jesus go with His disciples to pray before His arrest?|അറസ്റ്റിനുമുമ്പ് പ്രാർത്ഥിക്കാൻ യേശു ശിഷ്യന്മാരോടൊപ്പം എവിടെ പോയി?|Wohin ging Jesus vor seiner Verhaftung mit seinen Jüngern zum Beten?|Où Jésus est-il allé prier avec ses disciples avant son arrestation ?|Dove andò Gesù a pregare con i discepoli prima del suo arresto?|¿Adónde fue Jesús a orar con sus discípulos antes de su arresto?|Saan nagpunta si Jesus kasama ang mga alagad upang manalangin bago Siya dakpin?
peter-denials|Luke 22:61|3;2;4;7|How many times did Jesus say Peter would deny Him before the rooster crowed?|കോഴി കൂവുന്നതിനുമുമ്പ് പത്രൊസ് എത്ര പ്രാവശ്യം തന്നെ നിഷേധിക്കുമെന്ന് യേശു പറഞ്ഞു?|Wie oft würde Petrus Jesus nach dessen Worten verleugnen, bevor der Hahn krähte?|Combien de fois Jésus avait-il dit que Pierre le renierait avant le chant du coq ?|Quante volte, secondo Gesù, Pietro lo avrebbe rinnegato prima del canto del gallo?|¿Cuántas veces dijo Jesús que Pedro lo negaría antes de que cantara el gallo?|Ilang beses sinabi ni Jesus na ikakaila Siya ni Pedro bago tumilaok ang manok?
simon-cross|Mark 15:21|Simon of Cyrene;Joseph of Arimathea;Nicodemus;Barabbas|Who was compelled to carry Jesus' cross?|യേശുവിന്റെ ക്രൂശ് ചുമക്കാൻ നിർബന്ധിക്കപ്പെട്ടത് ആര്?|Wer wurde gezwungen, Jesu Kreuz zu tragen?|Qui a été contraint de porter la croix de Jésus ?|Chi fu costretto a portare la croce di Gesù?|¿A quién obligaron a llevar la cruz de Jesús?|Sino ang pinilit na magpasan ng krus ni Jesus?
jesus-tomb-owner|Matthew 27:57-60|Joseph of Arimathea;Nicodemus;Simon of Cyrene;Pilate|Who placed Jesus' body in his own new tomb?|സ്വന്തം പുതിയ കല്ലറയിൽ യേശുവിന്റെ ശരീരം വച്ചതാര്?|Wer legte Jesu Leichnam in sein eigenes neues Grab?|Qui a déposé le corps de Jésus dans son propre tombeau neuf ?|Chi depose il corpo di Gesù nella propria tomba nuova?|¿Quién puso el cuerpo de Jesús en su propio sepulcro nuevo?|Sino ang naglagay ng katawan ni Jesus sa sarili niyang bagong libingan?
emmaus-road|Luke 24:13|Emmaus;Cana;Nazareth;Jericho|To which village were two disciples walking on the day of the resurrection?|ഉയിർപ്പിന്റെ ദിവസം രണ്ടു ശിഷ്യന്മാർ ഏതു ഗ്രാമത്തിലേക്ക് നടന്നുപോകുകയായിരുന്നു?|Zu welchem Dorf waren zwei Jünger am Tag der Auferstehung unterwegs?|Vers quel village deux disciples marchaient-ils le jour de la résurrection ?|Verso quale villaggio camminavano due discepoli nel giorno della risurrezione?|¿A qué aldea caminaban dos discípulos el día de la resurrección?|Saang nayon patungo ang dalawang alagad noong araw ng muling pagkabuhay?
pentecost-day|Acts 2:1|Pentecost;Passover;Purim;Tabernacles|Which feast day had arrived when the believers gathered in Acts 2:1?|അപ്പൊസ്തലപ്രവൃത്തികൾ 2:1-ൽ വിശ്വാസികൾ കൂടിയിരുന്നപ്പോൾ ഏതു പെരുന്നാൾ ദിവസം വന്നിരുന്നു?|Welcher Festtag war gekommen, als sich die Gläubigen in Apostelgeschichte 2,1 versammelten?|Quel jour de fête était arrivé lorsque les croyants se sont réunis en Actes 2:1 ?|Quale giorno di festa era giunto quando i credenti si riunirono in Atti 2:1?|¿Qué día de fiesta había llegado cuando los creyentes estaban reunidos en Hechos 2:1?|Anong kapistahan ang dumating nang magtipon ang mga mananampalataya sa Mga Gawa 2:1?
matthias-chosen|Acts 1:26|Matthias;Stephen;Philip;Barnabas|Who was chosen by lot to join the eleven apostles after Judas?|യൂദയ്ക്കുശേഷം പതിനൊന്നു അപ്പൊസ്തലന്മാരോടൊപ്പം ചേരാൻ ചീട്ടിട്ടു തിരഞ്ഞെടുത്തത് ആര്?|Wer wurde nach Judas durch das Los den elf Aposteln hinzugefügt?|Qui a été choisi par tirage au sort pour rejoindre les onze apôtres après Judas ?|Chi fu scelto a sorte per unirsi agli undici apostoli dopo Giuda?|¿Quién fue elegido por sorteo para unirse a los once apóstoles después de Judas?|Sino ang napili sa pamamagitan ng palabunutan upang makasama ang labing-isang apostol matapos si Judas?
stephen-prayer|Acts 7:59|Stephen;Philip;Barnabas;Matthias|Who prayed for the Lord Jesus to receive his spirit while he was being stoned?|കല്ലെറിയപ്പെടുമ്പോൾ തന്റെ ആത്മാവിനെ കൈക്കൊള്ളണമേ എന്ന് കർത്താവായ യേശുവിനോട് പ്രാർത്ഥിച്ചതാര്?|Wer bat beim Steinigen den Herrn Jesus, seinen Geist aufzunehmen?|Qui a prié le Seigneur Jésus de recevoir son esprit pendant qu’on le lapidait ?|Chi pregò il Signore Gesù di accogliere il suo spirito mentre veniva lapidato?|¿Quién pidió al Señor Jesús que recibiera su espíritu mientras lo apedreaban?|Sino ang nanalangin sa Panginoong Jesus na tanggapin ang kanyang espiritu habang binabato siya?
saul-damascus|Acts 9:3|Damascus;Jericho;Bethlehem;Nazareth|Near which city did a light from heaven suddenly shine around Saul?|ഏതു പട്ടണത്തിനരികിൽവച്ചാണ് ശൗലിന്റെ ചുറ്റും ആകാശത്തുനിന്ന് വെളിച്ചം മിന്നിയത്?|Bei welcher Stadt umstrahlte Saul plötzlich ein Licht vom Himmel?|Près de quelle ville une lumière du ciel a-t-elle soudain enveloppé Saul ?|Vicino a quale città una luce dal cielo avvolse improvvisamente Saulo?|¿Cerca de qué ciudad rodeó de repente a Saulo una luz del cielo?|Malapit sa anong lungsod biglang lumiwanag mula sa langit sa paligid ni Saulo?
lydia-purple|Acts 16:14|Lydia;Priscilla;Dorcas;Phoebe|Which woman sold purple cloth and listened to Paul?|പൗലൊസിന്റെ വാക്കുകൾ കേട്ട ധൂമ്രവസ്ത്രവ്യാപാരിയായ സ്ത്രീ ആര്?|Welche Purpurhändlerin hörte Paulus zu?|Quelle marchande de pourpre a écouté Paul ?|Quale commerciante di porpora ascoltò Paolo?|¿Qué vendedora de púrpura escuchó a Pablo?|Sinong babaeng nagtitinda ng telang kulay ube ang nakinig kay Pablo?
cornelius-centurion|Acts 10:1|Cornelius;Lazarus;Nicodemus;Zacchaeus|Which centurion lived in Caesarea in Acts 10?|അപ്പൊസ്തലപ്രവൃത്തികൾ 10-ൽ കൈസര്യയിൽ താമസിച്ച ശതാധിപൻ ആര്?|Welcher Hauptmann lebte in Apostelgeschichte 10 in Cäsarea?|Quel centurion vivait à Césarée en Actes 10 ?|Quale centurione viveva a Cesarea in Atti 10?|¿Qué centurión vivía en Cesarea en Hechos 10?|Sinong senturyon ang nakatira sa Cesarea sa Mga Gawa 10?
eutychus-window|Acts 20:9|Eutychus;Timothy;Titus;Silas|Which young man fell from a window while Paul was speaking?|പൗലൊസ് സംസാരിക്കുമ്പോൾ കിളിവാതിലിൽനിന്ന് വീണ യുവാവ് ആര്?|Welcher junge Mann fiel aus einem Fenster, während Paulus sprach?|Quel jeune homme est tombé d’une fenêtre pendant que Paul parlait ?|Quale giovane cadde da una finestra mentre Paolo parlava?|¿Qué joven cayó de una ventana mientras Pablo hablaba?|Sinong binata ang nahulog mula sa bintana habang nagsasalita si Pablo?
john-patmos|Revelation 1:9|Patmos;Crete;Cyprus;Malta|On which island was John when he received the visions of Revelation?|വെളിപ്പാടിലെ ദർശനങ്ങൾ ലഭിക്കുമ്പോൾ യോഹന്നാൻ ഏതു ദ്വീപിലായിരുന്നു?|Auf welcher Insel war Johannes, als er die Visionen der Offenbarung empfing?|Sur quelle île Jean se trouvait-il lorsqu’il a reçu les visions de l’Apocalypse ?|Su quale isola si trovava Giovanni quando ricevette le visioni dell’Apocalisse?|¿En qué isla estaba Juan cuando recibió las visiones del Apocalipsis?|Saang isla naroon si Juan nang tanggapin niya ang mga pangitain sa Apocalipsis?
revelation-churches|Revelation 1:4|7;3;10;12|To how many churches in Asia did John address Revelation?|ആസ്യയിലെ എത്ര സഭകൾക്കാണ് യോഹന്നാൻ വെളിപ്പാട് എഴുതിയത്?|An wie viele Gemeinden in Asien richtete Johannes die Offenbarung?|À combien d’Églises d’Asie Jean a-t-il adressé l’Apocalypse ?|A quante chiese dell’Asia Giovanni indirizzò l’Apocalisse?|¿A cuántas iglesias de Asia dirigió Juan el Apocalipsis?|Sa ilang iglesya sa Asia ipinatungkol ni Juan ang Apocalipsis?
